title,keyword1,keyword2,keyword3,keyword4,keyword5
트렌드 코리아,있다 피곤하다,분석 있다 피곤하다,왤케 복잡하다,복잡하다 기후 감수성,기후 감수성 파트 제일 무섭다
ABC 살인사건,늘다 취미 생활 독서 티비 보기,독서 티비 보기 없다,어린시절 동네,다양하다 많다 하다,그렇다 소설 내용
죽고 싶지만 떡볶이는 먹고 싶어,받다 기분 부전 장애 심하다,힐링 감성,심하다 우울,무력감 공허하다 우울함,읽다
느리게 걷는 즐거움,일도 걷기 대한,스위스 작가 니콜라,걷기 주제,스위스 작가,써다
언데드 다루는 법,혐오 연민,빌리다 뒤틀리다 가족,좀비 돌아가다,뒤틀리다 가족,좀비 무지막지 공격성
현대어판 하늘과 바람과 별과 시 (양장) : 1955년 정음사 오리지널 초판본 표지 디자인,걷다,쳐다보다 하늘 부끄럽다 푸르다,눈물 짓다 쳐다보다,닫다 그림자,없다
눈부신 안부,혼자 시간,괴롭다,음악 들다 일기,벤치 아샤 앉다,운동 아침 운동 바꾸다
흐르는 강물처럼,현재,놓치다 버리다 영원하다 죽지,건강 되찾다 재산,현재 미래,어른 되어다
사이보그가 되다,보통 사람 없다 우리,예비 장애인 보통,지구 구성원 나눠지다,사실 기반 사회 지금,사회 지금 당장 설계
the innovators,,,,,
철학자의 뇌를 훔쳐라,,,,,
"종교, 상징, 인간",인간 종교 주목 하다,가톨릭 신앙 가다 군대,종교 상징 대한 관심,세례 대한 궁금증 신앙,군대 가톨릭
논어와 주판,,,,,
빅뱅의 질문들,어떻다 생각,빅뱅 우주 팽창,우주 학과 물리학 관심,읽다 과학자 우주,하늘 있다
농업기계설계,,,,,
예술을 경영하라,있다 억만장자 경영 예술,예술 경영 단어,경영 예술 읽다 보다,예술 바꾸다,없다 예술 경영
언어는 인권이다,마치 독재,바로 인권,사람 알아듣다 읽다 어렵다,인권 교육 깊이,독재 한국말 쥐락펴락하거 주무르다
녹나무의 파수꾼,쓰다 싶다 욕망 커지다,말년 오다,다른 이야기,등장인물 선하다,작가 인생
사피엔스,편향 강하다,인간 생각 시각,읽다 보다 기독교 한국인,좋다,하라 좋다
빛이 이끄는 곳으로,차별 되다 건축 만들다,꼼꼼하다 읽다 건축가 관점,구조 건축 아니다,건축 공부 하다 사람 호기심,건축학 로써 다시 건축 대해
해를 품은 달,성균관 유생 나날 하다,유생 나날 하다,성격 구체화 시키다,캐릭터 입체 감다,공주 좋아하다 되다
내 식탁 위의 개,초대 종간 교감 아니다,자연,우리,살다 생명 세계,우리 식탁 초대
정재승의 과학 콘서트,우주 온갖 자연현상 사회 현상,모든 학자 응원 싶다,인간,로움 제공 하다 물리학자,자연현상 사회 현상 연구 협동 하다
제2의 성,사람 서로 자기 자신,세계 가치 목적,사람 자유,진정하다 사랑,사랑 반드시 사람 자유
법의 정신,쑤시다 넣다 생각 정리 노트 같다,쑤시다 넣다 생각 정리 노트 같다,통찰 받다,유명하다 유명하다,법관 이자 지식인
엔트로피,지구 자원 한정 엔트로피,에너지 고갈,과학 경제 기술,세계 엔트로피,에너지 사용 되어다
내가 아직 아이였을 때,열다 대다 아이,두려움 사로잡히다,떠나다 버리다 이기 때문,사람,문득
떠도는 땅,살아가다 시베리아,우리 비인간 상황 모르다,하다 우리 비인간 상황,이제 열차,시베리아 횡단 열차
